,CustomerID,Age,Gender,ProductID,PurchaseAmount,Rating,Review,PurchaseDate
0,6145,22,Female,100,208.9164458974919,2,Poor,2024-05-02
1,4098,50,Female,101,484.6139414723306,3,Average,2024-04-10
2,2052,63,Other,102,51.82038909323047,3,Excellent,2024-03-09
3,8196,42,Male,103,365.7705298779339,4,Good,2024-05-08
4,4102,56,Other,108,202.55038918174267,1,Average,2024-04-20
5,4110,69,Female,109,198.57811212304892,2,Excellent,2024-06-09
6,6159,60,Male,110,339.80241013817226,5,Excellent,2024-04-24
7,2067,43,Male,111,447.8437654985517,2,Good,2024-05-04
8,4115,50,Male,113,113.47313526879657,5,Good,2024-05-15
9,6168,58,Male,114,452.2441621927224,3,Good,2024-04-18
10,6171,51,Other,116,377.25629142075087,1,Excellent,2024-04-26
11,6172,24,Male,121,247.9571166426353,3,Poor,2024-06-01
12,2088,19,Other,122,469.5838481359416,4,Poor,2024-06-16
13,6192,69,Other,123,416.66306191847826,4,Satisfactory,2024-06-09
14,6195,49,Male,124,215.26565559496512,4,Excellent,2024-08-01
15,2106,25,Female,125,91.89419308821275,3,Good,2024-07-24
16,2110,31,Female,126,236.36876673117015,2,Excellent,2024-03-08
17,8255,21,Other,129,394.3210307608617,3,Poor,2024-07-07
18,8264,46,Female,130,139.1986169926858,3,Poor,2024-04-19
19,6217,33,Other,133,331.85947801079027,5,Average,2024-06-15
20,2133,47,Other,134,200.56421536373702,4,Poor,2024-03-11
21,8280,20,Female,135,433.9048765675827,2,Satisfactory,2024-03-25
22,8286,65,Other,136,448.4863637220786,4,Average,2024-04-12
23,2150,37,Other,137,131.63043865109051,1,Good,2024-06-12
24,8295,50,Other,138,265.0143091180033,2,Satisfactory,2024-05-14
25,6251,36,Male,142,143.99535122618926,4,Satisfactory,2024-03-22
26,6256,58,Male,143,73.84714761980374,2,Excellent,2024-08-12
27,4212,52,Female,145,300.3797808855826,1,Poor,2024-03-26
28,4094,48,Male,148,123.87609236826265,1,Average,2024-05-11
29,2174,50,Female,151,124.11144433044109,5,Poor,2024-08-14
30,6271,67,Female,152,220.3456165665587,4,Average,2024-03-06
31,4222,64,Other,153,473.8900831821692,3,Good,2024-05-14
32,6278,37,Other,155,232.5792676498948,4,Good,2024-03-07
33,2182,59,Female,157,239.0507557757665,1,Excellent,2024-05-23
34,2187,38,Other,159,422.86610462930724,1,Satisfactory,2024-04-20
35,4236,58,Male,160,84.0305233736933,5,Excellent,2024-05-06
36,2191,64,Male,161,191.32492941870734,2,Excellent,2024-03-26
37,8337,68,Female,162,65.1464044123172,2,Poor,2024-03-07
38,2200,22,Other,167,266.9488052175244,1,Excellent,2024-05-14
39,2207,27,Other,168,229.4793330209111,2,Poor,2024-06-19
40,2214,18,Female,169,356.080250772333,3,Excellent,2024-05-11
41,8360,44,Other,170,128.66979916146875,5,Average,2024-06-08
42,4270,39,Other,171,262.4230906351256,2,Poor,2024-04-12
43,6331,28,Female,173,450.70544442919083,3,Poor,2024-05-10
44,6349,39,Other,176,415.16041821187264,4,Good,2024-03-16
45,4302,51,Male,177,352.7248101778662,5,Satisfactory,2024-06-10
46,4303,56,Male,178,280.8030376909603,2,Satisfactory,2024-05-15
47,8399,55,Other,180,481.9923195188018,2,Good,2024-08-20
48,2254,61,Female,182,282.36342271401566,2,Satisfactory,2024-08-20
49,6354,57,Male,184,339.25542386222617,2,Excellent,2024-06-04
50,6371,51,Other,185,298.41957118596383,4,Average,2024-03-22
51,6373,49,Other,187,100.01363570301304,2,Poor,2024-08-17
52,6374,59,Female,188,432.58464766614793,1,Good,2024-08-25
53,8424,25,Female,190,169.02040640046923,3,Poor,2024-04-27
54,6380,23,Male,191,478.73602605266234,5,Poor,2024-08-12
55,6396,24,Other,192,118.54694398365756,5,Average,2024-07-07
56,2306,41,Female,193,354.6580764255459,1,Poor,2024-04-02
57,4356,40,Female,194,201.23896471853624,3,Excellent,2024-07-10
58,6405,60,Female,198,333.53035145616343,2,Poor,2024-04-07
59,2311,57,Male,199,155.01051338503777,3,Excellent,2024-08-14
60,8456,49,Female,201,52.75769842923587,1,Excellent,2024-03-10
61,6409,55,Other,203,388.99562280921214,3,Excellent,2024-04-19
62,8463,56,Female,204,465.5164891076858,1,Good,2024-03-07
63,8470,41,Female,205,487.3306016980466,2,Average,2024-04-03
64,6423,46,Female,206,318.9006535221336,1,Excellent,2024-07-02
65,6428,54,Male,210,360.6308270280422,4,Excellent,2024-06-25
66,2337,20,Other,212,443.5241663026817,2,Average,2024-06-22
67,8486,28,Male,214,384.69488766542185,3,Good,2024-05-16
68,8493,38,Female,215,124.73223343115627,1,Poor,2024-04-07
69,8498,18,Other,221,383.87132721157917,4,Good,2024-07-07
70,8500,34,Female,222,232.72393297606448,4,Poor,2024-03-05
71,4410,48,Male,223,377.9943530556892,5,Excellent,2024-03-06
72,2368,21,Other,225,440.61803111078785,1,Good,2024-08-27
73,2372,32,Female,228,293.4862473046055,5,Satisfactory,2024-05-08
74,8519,62,Other,229,409.16762566883534,2,Good,2024-06-04
75,4425,66,Female,233,260.02214917268384,2,Poor,2024-03-24
76,4428,69,Other,234,477.0224561860849,4,Satisfactory,2024-06-25
77,6479,23,Male,235,360.02451507698413,3,Poor,2024-05-13
78,8528,67,Female,237,377.9184727083622,1,Excellent,2024-04-14
79,2389,28,Female,239,236.73178957742093,1,Excellent,2024-07-25
80,4452,61,Male,240,136.52526674150508,2,Satisfactory,2024-06-09
81,4462,64,Other,241,350.5269634740521,2,Good,2024-06-01
82,8560,45,Other,242,265.04797969434884,1,Good,2024-06-11
83,6516,51,Female,244,443.812165583289,3,Average,2024-03-08
84,4478,26,Other,246,427.79359439666615,3,Satisfactory,2024-03-13
85,2439,22,Other,248,312.07860880139896,3,Excellent,2024-08-06
86,8586,57,Other,249,83.06125340917276,1,Average,2024-08-18
87,6541,50,Female,251,343.19331569378056,4,Average,2024-06-13
88,2455,65,Other,255,338.0021043880154,3,Average,2024-06-06
89,8610,51,Male,256,372.94311657117305,3,Excellent,2024-08-26
90,6565,25,Other,257,222.87667568754867,4,Average,2024-04-20
91,4519,51,Other,258,328.48025761049706,3,Good,2024-04-01
92,2472,32,Male,259,218.9572774081607,3,Good,2024-05-19
93,2478,31,Male,260,418.8165548440507,2,Poor,2024-06-04
94,6580,61,Other,261,207.41593872621718,4,Poor,2024-05-03
95,2485,39,Male,262,251.49774258531488,5,Excellent,2024-07-17
96,6582,54,Female,266,298.54096477040156,5,Excellent,2024-03-14
97,2486,30,Other,267,203.87694370360305,3,Average,2024-03-23
98,2491,44,Other,268,396.36456168306546,5,Average,2024-05-21
99,6588,36,Other,269,307.1248468483891,3,Good,2024-05-21
100,6595,55,Male,273,169.8121868937202,5,Satisfactory,2024-08-20
101,4561,53,Other,274,475.88308232678474,1,Satisfactory,2024-06-09
102,4562,30,Male,275,53.57300047080212,3,Good,2024-08-03
103,6617,59,Male,278,329.2769183656715,5,Excellent,2024-07-18
104,4572,53,Male,280,178.51337102058903,1,Excellent,2024-05-06
105,2527,43,Other,281,67.15862266007935,3,Good,2024-06-10
106,6624,55,Other,282,343.06773273766646,4,Average,2024-05-12
107,6626,19,Other,283,425.08119226327807,4,Poor,2024-03-14
108,8676,62,Female,284,343.49860537355454,4,Average,2024-06-21
109,2547,59,Other,286,453.2730915968665,3,Excellent,2024-07-14
110,4605,61,Male,288,185.08249299766706,2,Satisfactory,2024-05-16
111,4606,18,Other,289,91.55106990125552,5,Excellent,2024-07-27
112,6656,33,Female,290,293.5016783893155,1,Good,2024-07-14
113,8710,46,Male,296,426.8880605152186,4,Poor,2024-05-22
114,4615,58,Male,298,336.8577030854738,3,Satisfactory,2024-04-09
115,8713,24,Male,300,112.81223970769582,5,Satisfactory,2024-07-14
116,4621,67,Other,301,195.62774704448583,4,Satisfactory,2024-08-20
117,2580,68,Other,302,403.17630888261016,3,Good,2024-08-26
118,6677,50,Female,304,498.6096496174241,4,Average,2024-03-02
119,2582,44,Male,306,497.0615729242924,4,Excellent,2024-04-02
120,8725,38,Female,307,469.6074908968572,5,Excellent,2024-05-09
121,8731,56,Male,309,476.40345633974385,4,Poor,2024-06-20
122,2590,19,Male,310,250.87200886422391,4,Average,2024-07-05
123,4640,34,Female,311,227.1313252407753,4,Good,2024-03-14
124,2594,43,Other,312,269.5014522683497,5,Excellent,2024-07-15
125,8740,37,Male,313,75.22230552847253,2,Excellent,2024-08-03
126,6694,48,Other,320,154.44404346507957,5,Satisfactory,2024-03-07
127,8751,18,Other,321,433.4830111464068,4,Satisfactory,2024-07-27
128,8753,60,Male,323,328.28583352486356,1,Satisfactory,2024-06-05
129,2612,65,Female,325,341.5045676687694,2,Poor,2024-04-20
130,6711,39,Male,326,293.539702341687,5,Excellent,2024-07-19
131,6716,51,Female,327,310.658470887769,2,Poor,2024-07-10
132,6726,19,Other,329,172.53388555898138,3,Good,2024-05-20
133,2632,43,Female,330,272.007512209595,1,Satisfactory,2024-05-17
134,6731,56,Other,333,54.83588790886408,1,Excellent,2024-04-15
135,2639,30,Male,335,258.27116031404285,4,Excellent,2024-07-25
136,8788,66,Other,336,289.62097222782995,4,Poor,2024-06-25
137,8790,36,Male,338,421.64437069030714,4,Average,2024-05-26
138,8794,31,Female,339,92.89731520585218,5,Excellent,2024-06-01
139,8796,31,Female,340,223.31448510164623,3,Poor,2024-05-22
140,8802,42,Male,342,172.2288506781499,3,Poor,2024-08-26
141,8813,62,Other,343,158.06070734276705,5,Satisfactory,2024-03-12
142,4718,44,Female,344,486.47611358703244,5,Satisfactory,2024-07-18
143,4717,37,Female,348,240.76996673882866,4,Good,2024-06-18
144,4726,57,Female,349,190.58283093824244,1,Satisfactory,2024-07-17
145,2679,52,Other,350,213.70274343106425,3,Good,2024-06-16
146,6782,33,Male,352,333.3568152639209,3,Excellent,2024-06-22
147,4734,55,Other,354,301.16314886039595,3,Excellent,2024-07-10
148,6785,56,Female,356,127.49841010367388,3,Average,2024-07-11
149,6788,50,Other,358,360.6801331556879,3,Average,2024-07-20
150,2693,54,Male,359,429.66445908125786,3,Satisfactory,2024-06-07
151,2694,52,Male,360,124.3646373431025,1,Poor,2024-08-01
152,8846,69,Other,361,330.09819655642866,2,Excellent,2024-05-20
153,4760,64,Female,362,479.64496013209134,4,Poor,2024-05-27
154,6813,19,Other,363,118.16121405425281,2,Average,2024-08-10
155,8862,50,Female,364,349.9679786893718,1,Average,2024-06-02
156,2722,48,Other,365,211.24528303226242,2,Poor,2024-05-21
157,8871,55,Other,366,435.1812140610307,5,Good,2024-05-02
158,8880,25,Other,367,143.1866398219596,5,Excellent,2024-03-07
159,8884,66,Female,368,416.3440945750716,5,Average,2024-08-23
160,2741,68,Male,369,465.15534154726396,3,Satisfactory,2024-04-20
161,6841,68,Female,373,215.16787569808287,2,Satisfactory,2024-08-05
162,8891,50,Other,374,281.89404783397435,2,Excellent,2024-07-07
163,6848,61,Female,376,70.30122247597475,4,Satisfactory,2024-07-23
164,8897,59,Male,377,55.351100629493374,1,Average,2024-04-09
165,8901,23,Other,378,451.57437001207353,3,Excellent,2024-08-05
166,8906,19,Other,381,246.6215109117364,3,Good,2024-04-07
167,6858,51,Male,384,476.22282600852725,5,Poor,2024-07-21
168,2763,69,Male,388,290.8540144074724,1,Poor,2024-06-04
169,6867,48,Other,390,298.8717810413967,3,Satisfactory,2024-07-27
170,4820,36,Female,393,285.1860599691048,3,Average,2024-06-09
171,6870,67,Male,394,216.4447673000351,5,Average,2024-05-25
172,8919,35,Other,395,290.0893853723319,5,Excellent,2024-07-05
173,4827,36,Male,396,434.4650482136618,1,Good,2024-06-25
174,8937,49,Male,399,446.5671989848748,2,Excellent,2024-08-25
175,4843,25,Other,400,483.5519877244382,1,Satisfactory,2024-06-05
176,4845,39,Other,401,322.3969910194766,3,Satisfactory,2024-06-25
177,2798,36,Male,403,386.21183492129575,3,Good,2024-04-17
178,2803,64,Female,405,402.4224581277203,1,Satisfactory,2024-03-23
179,8955,62,Female,408,162.59487671729508,2,Satisfactory,2024-08-24
180,8961,45,Male,409,434.06776450308325,2,Satisfactory,2024-05-22
181,4874,27,Other,413,475.62382139371397,2,Poor,2024-05-07
182,2834,22,Other,419,293.56587777081506,3,Average,2024-05-05
183,4885,31,Female,420,467.86034838801,4,Excellent,2024-08-09
184,6936,41,Other,422,283.63951727729784,4,Good,2024-05-04
185,2844,49,Other,423,158.06529591836818,3,Poor,2024-04-25
186,8988,69,Male,424,223.65942495099588,1,Average,2024-05-22
187,4912,55,Female,425,189.96491484153088,1,Poor,2024-07-14
188,9013,18,Female,427,269.3499801224823,2,Poor,2024-03-27
189,4918,36,Female,428,441.61527474160056,3,Poor,2024-05-19
190,6967,49,Other,430,180.68593104563047,1,Excellent,2024-04-11
191,2876,19,Female,431,382.6971413839309,4,Average,2024-05-08
192,9020,38,Female,432,498.19389827614685,5,Excellent,2024-05-26
193,9023,32,Male,434,281.1469820249355,5,Average,2024-04-16
194,2887,59,Female,436,479.1594983210432,4,Average,2024-04-22
195,2888,22,Other,438,139.1850835149196,4,Satisfactory,2024-06-14
196,6984,43,Other,439,237.6058150988974,4,Good,2024-07-27
197,9055,37,Male,441,218.5076956176204,1,Satisfactory,2024-05-04
198,7010,45,Other,444,482.8502859243855,1,Satisfactory,2024-07-04
199,4968,46,Other,445,456.20807922093223,3,Average,2024-08-02
200,4981,26,Other,447,321.39406322419387,2,Poor,2024-06-20
201,7035,63,Male,448,243.95858719235602,1,Poor,2024-07-02
202,7038,30,Other,450,333.6198202905087,4,Satisfactory,2024-06-09
203,9090,64,Male,451,265.9316434164748,3,Excellent,2024-08-26
204,9093,67,Male,452,234.81645896068514,3,Poor,2024-03-16
205,7045,29,Other,453,150.79897042638157,2,Excellent,2024-06-10
206,2968,26,Other,454,375.3758669584947,5,Good,2024-07-07
207,9116,28,Female,456,318.32932219328916,1,Good,2024-03-22
208,9121,41,Male,458,323.9099762466805,5,Poor,2024-06-25
209,2979,42,Other,459,223.03196136200447,2,Average,2024-08-05
210,7078,43,Female,460,155.7355059161775,5,Good,2024-04-10
211,2983,36,Other,463,224.40553131714782,5,Excellent,2024-06-19
212,5039,36,Female,464,486.91881274490464,3,Excellent,2024-07-12
213,2996,23,Other,465,267.6163062333894,4,Good,2024-04-18
214,9147,65,Male,469,235.37059302450828,1,Average,2024-08-10
215,9151,60,Female,470,303.05361059628416,3,Excellent,2024-03-01
216,5056,64,Male,471,429.7401906621902,1,Average,2024-05-10
217,5059,39,Male,472,147.7086143822089,4,Average,2024-03-04
218,7108,69,Other,473,273.0341239468042,3,Poor,2024-08-27
219,5064,27,Other,474,183.83188422981297,2,Satisfactory,2024-07-03
220,7121,60,Other,475,378.0940824651068,3,Average,2024-03-02
221,5074,31,Female,477,412.82649398895865,5,Good,2024-03-13
222,3033,36,Female,478,266.491268715597,1,Excellent,2024-05-01
223,9186,41,Male,480,202.92160415819563,4,Satisfactory,2024-04-04
224,9187,63,Male,481,282.6039054818806,1,Average,2024-06-07
225,1000,49,Other,482,83.15750604799175,2,Average,2024-03-19
226,7151,51,Male,483,210.4011012608222,2,Good,2024-08-01
227,9206,32,Female,484,370.41907980932257,3,Good,2024-04-24
228,1015,65,Other,485,134.93851416855188,2,Excellent,2024-03-13
229,1020,58,Other,486,282.15369125775754,2,Average,2024-04-07
230,7165,67,Male,487,99.02479394494802,3,Average,2024-05-17
231,7172,26,Other,489,123.93490440539756,1,Average,2024-07-04
232,5132,19,Female,490,162.8182113116036,4,Satisfactory,2024-03-13
233,1042,40,Male,491,264.1079516687965,5,Excellent,2024-06-14
234,3091,20,Male,492,262.8984084049149,1,Good,2024-04-24
235,3092,40,Male,498,126.03347967735,2,Average,2024-07-07
236,5138,19,Male,500,55.03494366777243,5,Average,2024-04-26
237,1052,26,Female,504,200.54442825557862,3,Poor,2024-06-09
238,9255,69,Female,506,347.4058471582024,2,Excellent,2024-05-24
239,5162,25,Other,507,120.29068672972639,1,Poor,2024-08-07
240,9262,66,Other,509,355.8272181558014,1,Poor,2024-08-04
241,1071,41,Male,510,97.80224410121176,2,Satisfactory,2024-08-09
242,7221,31,Other,512,460.1012469863446,1,Excellent,2024-05-24
243,5191,66,Female,513,389.0131059099363,3,Good,2024-03-16
244,1096,18,Male,514,467.93798816926227,4,Satisfactory,2024-04-01
245,5196,60,Other,518,490.2188652819223,1,Good,2024-04-02
246,3148,57,Female,519,340.5142991886797,3,Average,2024-08-17
247,1105,21,Other,521,196.66137669284439,4,Satisfactory,2024-08-02
248,1109,61,Male,522,139.48753699312599,5,Satisfactory,2024-03-12
249,5208,61,Female,523,487.7903762752692,4,Excellent,2024-07-20
250,1114,28,Other,524,264.8999640879705,3,Good,2024-07-19
251,5212,52,Male,527,307.45546547795186,4,Poor,2024-08-07
252,9310,51,Female,535,367.19179106380153,3,Excellent,2024-07-22
253,3171,29,Other,536,375.92577307098514,2,Average,2024-05-20
254,3172,20,Male,537,67.96011487478569,2,Satisfactory,2024-08-13
255,7272,28,Other,540,152.33275425835268,5,Satisfactory,2024-06-14
256,5225,45,Male,541,63.8257868470635,2,Good,2024-06-14
257,3178,23,Male,543,98.16148981774033,3,Excellent,2024-07-07
258,3180,44,Other,544,421.4877686086472,1,Good,2024-05-09
259,7285,21,Male,545,58.10305002171624,5,Excellent,2024-05-13
260,3189,49,Female,546,307.8833699882907,3,Satisfactory,2024-06-22
261,1143,29,Female,547,480.4341788679447,1,Excellent,2024-05-02
262,1144,21,Female,548,407.6301359038979,3,Excellent,2024-07-10
263,9337,19,Male,552,84.52654366846622,1,Average,2024-06-03
264,9336,31,Male,556,485.15724345535733,3,Average,2024-07-12
265,7288,35,Other,558,370.747881308542,1,Average,2024-04-15
266,9342,26,Other,559,343.6344035927051,2,Good,2024-04-25
267,1152,56,Male,560,199.4172822693333,1,Excellent,2024-08-19
268,9345,22,Male,561,479.08620260201565,2,Poor,2024-07-12
269,1155,24,Female,562,123.64094975532521,1,Average,2024-07-07
270,9354,30,Male,563,334.4713293399885,2,Satisfactory,2024-07-04
271,3219,27,Other,565,424.8188548178622,4,Satisfactory,2024-03-13
272,1174,23,Male,567,211.5720478511899,5,Average,2024-05-15
273,1183,33,Male,569,219.66391657281574,2,Average,2024-04-07
274,3244,38,Male,570,459.6310621736256,5,Satisfactory,2024-06-14
275,5293,49,Other,572,184.950708837047,1,Excellent,2024-06-06
276,3251,44,Other,573,410.7000643449886,2,Poor,2024-05-16
277,7350,25,Male,574,390.59982380129196,3,Satisfactory,2024-03-19
278,7356,61,Male,575,332.8961265412979,4,Poor,2024-08-10
279,9405,20,Male,576,175.83811777167932,5,Poor,2024-05-15
280,5310,50,Other,578,445.1552211505807,4,Satisfactory,2024-03-05
281,3267,64,Female,579,159.34731995881197,4,Satisfactory,2024-04-06
282,5321,29,Female,582,271.97473516288903,3,Excellent,2024-08-25
283,3278,36,Male,584,104.49670834870429,5,Poor,2024-05-09
284,1235,62,Female,585,135.89412195439124,3,Good,2024-07-25
285,3288,18,Male,589,214.43484956802004,4,Satisfactory,2024-08-04
286,5336,55,Male,590,290.9849486879434,5,Good,2024-08-18
287,1243,65,Other,591,220.78630612923735,3,Poor,2024-05-08
288,1245,27,Male,593,145.29653267264095,2,Satisfactory,2024-05-08
289,5343,44,Other,594,442.90377553934206,5,Poor,2024-03-11
290,5345,38,Male,597,456.03990889376223,4,Good,2024-07-13
291,9444,33,Male,598,417.7938628547219,3,Poor,2024-04-03
292,9445,19,Male,604,340.67190834963475,1,Good,2024-04-16
293,3302,23,Female,605,232.54007555042358,1,Poor,2024-04-20
294,7407,20,Male,607,160.28923586927164,3,Good,2024-04-22
295,9455,43,Male,608,357.04183563620325,3,Satisfactory,2024-05-19
296,1269,46,Male,609,368.1156929899946,5,Excellent,2024-04-09
297,9461,37,Other,610,80.90566543161484,1,Satisfactory,2024-03-24
298,1271,61,Other,613,265.6921751609309,2,Excellent,2024-05-23
299,5373,35,Female,615,304.3204355973854,3,Satisfactory,2024-08-22
300,7422,23,Other,619,401.6090098226832,4,Good,2024-04-17
301,7423,63,Male,620,476.9149196255418,5,Good,2024-04-22
302,9488,33,Other,622,157.3826042103845,2,Excellent,2024-04-24
303,1312,28,Female,623,481.3194188643996,2,Excellent,2024-05-05
304,5409,47,Other,629,218.79427225978765,5,Excellent,2024-04-10
305,7461,35,Male,632,164.2046159944201,5,Excellent,2024-08-07
306,1317,35,Male,634,156.96023811313978,5,Good,2024-07-18
307,5415,64,Female,636,253.97291232632273,5,Average,2024-06-26
308,9511,25,Other,637,102.16057943836242,4,Excellent,2024-05-08
309,5420,35,Female,641,244.42097193641135,1,Average,2024-03-04
310,9519,68,Male,642,75.19258598235326,5,Poor,2024-05-10
311,7472,40,Male,645,302.4754139302484,3,Poor,2024-06-15
312,9525,18,Female,648,350.403147888455,3,Good,2024-04-01
313,9526,25,Female,649,102.63706346094071,5,Satisfactory,2024-05-10
314,7478,47,Male,651,60.57300033584802,1,Poor,2024-06-24
315,5433,46,Male,654,288.7642134322186,4,Satisfactory,2024-05-14
316,5438,53,Other,658,219.71416666331598,5,Poor,2024-03-13
317,5439,61,Male,661,177.55891433217,2,Good,2024-07-16
318,5440,52,Female,662,226.35525897505096,5,Excellent,2024-05-21
319,3412,58,Female,665,227.1076822213166,1,Average,2024-08-17
320,7509,23,Male,666,287.9792580358944,1,Satisfactory,2024-04-08
321,7515,68,Other,667,100.94594185734339,2,Good,2024-03-05
322,1373,46,Male,670,120.15522916895243,5,Good,2024-04-26
323,5472,59,Male,672,116.90798860182917,2,Excellent,2024-07-14
324,9569,52,Other,673,214.699606372935,2,Excellent,2024-05-26
325,9570,52,Other,675,231.66499858814808,1,Satisfactory,2024-03-21
326,1379,37,Male,676,99.37853797203176,4,Poor,2024-08-23
327,1381,31,Other,677,191.66117153038545,1,Excellent,2024-04-13
328,9583,55,Male,680,192.69271486614562,2,Good,2024-07-10
329,7538,43,Male,681,51.61291338644065,3,Satisfactory,2024-05-13
330,7541,22,Male,682,231.5114125077101,5,Poor,2024-06-17
331,7542,61,Male,683,240.53668065447428,1,Poor,2024-06-02
332,1402,29,Other,685,424.4349777992478,2,Poor,2024-04-18
333,9597,47,Other,690,95.57792775213005,5,Satisfactory,2024-05-07
334,9602,30,Male,691,84.94444430585082,4,Average,2024-05-10
335,9603,43,Female,692,143.97961083865212,4,Excellent,2024-05-14
336,9604,50,Female,693,427.6532544599945,1,Good,2024-07-17
337,5509,68,Female,694,298.14754918513836,1,Average,2024-08-21
338,9609,58,Other,696,431.9191973665665,1,Poor,2024-06-27
339,3468,69,Other,699,434.316746175437,3,Good,2024-03-04
340,9615,60,Female,703,101.43338469095686,3,Average,2024-08-08
341,1431,41,Female,704,217.89881658819033,2,Poor,2024-07-07
342,3486,69,Male,706,172.1178154016876,4,Good,2024-08-02
343,9642,43,Other,708,270.4727825121753,3,Excellent,2024-03-03
344,5547,61,Female,711,189.39506166643943,4,Satisfactory,2024-03-25
345,3499,68,Female,712,452.46056758724,4,Average,2024-05-06
346,7594,69,Female,714,287.06769496256436,3,Satisfactory,2024-03-23
347,3502,58,Female,715,491.51242270931533,5,Satisfactory,2024-07-10
348,9646,42,Female,718,412.34368907689156,3,Average,2024-04-27
349,7602,49,Other,719,431.0250023055451,3,Average,2024-07-04
350,1461,46,Other,721,406.8790329745522,5,Poor,2024-05-03
351,5561,18,Female,722,460.09858501070414,5,Excellent,2024-07-15
352,1467,68,Female,724,311.22208504333594,2,Satisfactory,2024-06-07
353,3516,40,Other,725,360.8325323143956,5,Satisfactory,2024-07-09
354,5565,42,Male,727,351.1004562682191,5,Poor,2024-07-03
355,3518,69,Male,728,464.3557080128369,3,Excellent,2024-06-15
356,9667,40,Female,730,222.68049557724672,5,Satisfactory,2024-03-16
357,7629,28,Male,731,137.15807688650438,1,Poor,2024-07-23
358,1489,61,Other,733,84.70212256047358,3,Average,2024-08-06
359,9689,49,Female,734,390.4354971112282,4,Poor,2024-05-10
360,3547,27,Female,736,303.8294009517176,4,Satisfactory,2024-08-12
361,7645,57,Male,739,484.261495147254,2,Excellent,2024-06-01
362,1505,24,Male,740,338.5176833665825,1,Average,2024-06-04
363,5601,48,Male,741,247.30992149804086,2,Good,2024-07-07
364,5602,21,Other,742,307.7691238920483,5,Poor,2024-03-07
365,3559,36,Male,745,330.28181705519495,2,Excellent,2024-07-18
366,3561,30,Male,748,272.0225416004098,2,Average,2024-06-11
367,3566,27,Other,753,499.32945393149043,3,Average,2024-05-17
368,1519,28,Other,756,470.5519353439763,3,Good,2024-04-10
369,7677,45,Male,757,279.0602423844571,1,Good,2024-03-09
370,5635,19,Other,759,371.62322536626743,3,Average,2024-03-18
371,7684,39,Other,761,171.28206385857226,5,Satisfactory,2024-08-27
372,1542,60,Male,762,298.2082005451891,3,Good,2024-06-03
373,9734,24,Other,763,336.60441068635527,3,Poor,2024-08-02
374,3592,27,Other,765,292.88205654386127,3,Average,2024-05-07
375,3599,54,Female,767,307.77888125220363,3,Average,2024-07-01
376,1562,41,Other,768,419.79662979856823,3,Good,2024-08-22
377,9757,26,Other,769,459.00399611446545,5,Poor,2024-07-06
378,7713,41,Other,770,311.06961541976375,5,Poor,2024-05-27
379,5676,36,Female,771,266.7962570607938,3,Good,2024-06-18
380,7727,60,Female,772,388.06524898029784,4,Poor,2024-03-13
381,7734,39,Female,773,148.4945788351892,2,Good,2024-07-18
382,1591,21,Female,776,198.85022730308418,3,Poor,2024-06-15
383,3648,32,Male,777,193.056356843051,2,Satisfactory,2024-08-24
384,1601,38,Female,778,334.7997320057791,2,Poor,2024-08-14
385,9798,61,Female,780,57.26230870074633,1,Average,2024-05-26
386,1609,39,Male,782,498.9327150692034,1,Satisfactory,2024-05-04
387,3658,27,Male,784,297.8607547789795,5,Average,2024-04-07
388,9809,60,Other,786,127.51994588698828,1,Average,2024-08-20
389,3669,20,Female,789,124.29791284512072,4,Average,2024-06-13
390,5720,38,Female,790,152.83441510825037,5,Excellent,2024-03-11
391,1624,61,Male,792,120.42312094655,4,Satisfactory,2024-05-05
392,9818,34,Male,796,443.7765946793169,4,Average,2024-03-12
393,7771,31,Female,797,283.26943112773574,3,Good,2024-05-06
394,7774,60,Other,798,195.06079638897964,1,Poor,2024-06-06
395,9829,53,Other,799,161.56768024014576,3,Poor,2024-08-23
396,1648,29,Other,800,284.47635599241573,2,Average,2024-03-07
397,9843,46,Male,801,343.93466002210386,5,Average,2024-04-23
398,9844,60,Other,802,451.08162531972164,5,Satisfactory,2024-07-15
399,5752,39,Other,803,395.4896161870434,1,Poor,2024-08-15
400,5753,52,Male,804,216.01744407915203,3,Excellent,2024-08-14
401,1658,62,Male,808,207.5029710005153,3,Poor,2024-04-15
402,9857,60,Male,809,242.38797060180974,2,Poor,2024-04-03
403,5763,46,Male,812,57.33354373817497,4,Average,2024-08-05
404,5764,36,Female,815,149.3683840432358,1,Excellent,2024-07-03
405,1668,26,Male,816,280.1579973813752,3,Good,2024-08-16
406,9869,48,Female,817,404.73964043314896,2,Average,2024-05-26
407,7825,18,Other,818,133.26034924835477,2,Excellent,2024-08-19
408,5780,31,Male,823,295.62265798924943,1,Average,2024-06-21
409,3737,36,Other,826,409.18777055652214,2,Satisfactory,2024-07-08
410,1690,56,Other,828,196.74542306464755,5,Average,2024-07-15
411,7833,29,Male,831,129.50083989663088,2,Satisfactory,2024-06-03
412,5791,37,Other,833,294.78015378661485,1,Excellent,2024-05-01
413,1696,30,Female,834,372.8975803152612,3,Good,2024-06-05
414,9896,22,Female,837,163.4666106865755,2,Excellent,2024-03-24
415,3760,63,Other,838,367.4246282098567,3,Satisfactory,2024-03-12
416,1715,43,Other,839,182.85676545932245,1,Good,2024-06-06
417,9907,58,Other,841,190.28161296282653,4,Good,2024-05-01
418,5813,53,Female,843,342.57324591984946,2,Poor,2024-07-07
419,1721,23,Female,845,236.77951799493255,2,Good,2024-03-24
420,5823,49,Other,846,420.6026611301252,1,Excellent,2024-06-15
421,9920,47,Other,847,202.85979724171435,4,Satisfactory,2024-04-21
422,1732,20,Other,850,61.40242102600322,3,Average,2024-07-26
423,9924,50,Male,853,311.6321806970766,2,Poor,2024-08-12
424,5830,25,Other,854,347.24852338699213,5,Excellent,2024-05-04
425,9930,47,Female,856,338.6546464855099,5,Good,2024-05-03
426,7884,26,Female,858,52.08681182225095,3,Good,2024-05-22
427,3791,45,Female,863,319.5534927214628,2,Satisfactory,2024-06-25
428,1753,51,Female,864,245.13915773489057,1,Satisfactory,2024-05-13
429,3806,47,Male,865,69.9468158703591,1,Satisfactory,2024-03-06
430,3808,22,Male,866,362.8790746168513,4,Average,2024-08-01
431,5871,56,Male,867,287.004476584084,2,Average,2024-05-01
432,1775,51,Other,869,209.0383467955625,3,Excellent,2024-03-14
433,3829,27,Other,874,337.3012020713387,5,Excellent,2024-08-06
434,3832,21,Male,875,421.56352033124773,5,Satisfactory,2024-05-15
435,7932,32,Female,876,453.3259926243466,1,Average,2024-08-18
436,5890,38,Other,878,340.3153740655324,4,Excellent,2024-05-26
437,3843,53,Male,879,472.4394579128099,3,Poor,2024-05-17
438,5891,69,Other,880,419.63531371087265,2,Excellent,2024-07-19
439,9995,46,Female,882,119.29075664952148,2,Good,2024-03-17
440,3853,63,Male,887,100.35523998376776,1,Average,2024-05-24
441,9998,46,Other,892,289.05810803130447,3,Poor,2024-03-09
442,1814,69,Male,893,396.4267611889575,1,Poor,2024-04-13
443,1818,22,Male,894,396.6673477284681,4,Excellent,2024-03-21
444,5918,33,Male,895,123.62279354864899,1,Satisfactory,2024-08-22
445,3877,29,Female,900,428.46095985161907,1,Good,2024-05-03
446,1832,49,Other,905,332.5683343064326,3,Excellent,2024-03-27
447,7976,54,Other,907,434.3070650441886,5,Excellent,2024-05-18
448,3884,30,Male,909,434.851258170297,2,Excellent,2024-05-19
449,1843,56,Male,910,482.5878547611061,1,Satisfactory,2024-08-15
450,3895,37,Male,914,119.38204264447376,3,Poor,2024-08-16
451,5944,34,Other,915,71.12921806259776,4,Poor,2024-03-05
452,5946,65,Male,918,284.16729836328284,2,Excellent,2024-03-20
453,8006,54,Female,919,362.60802160504875,3,Poor,2024-06-26
454,1869,28,Other,920,61.79002551614385,3,Excellent,2024-06-18
455,3923,24,Male,921,236.22505395758776,3,Poor,2024-06-23
456,1878,44,Male,923,78.72997374500713,4,Average,2024-08-01
457,5975,54,Male,924,422.6979568809555,3,Poor,2024-04-17
458,5978,48,Other,927,284.3089541906113,3,Satisfactory,2024-08-04
459,5979,53,Female,928,470.44776907876127,4,Poor,2024-08-17
460,1889,18,Female,930,105.63933291568353,4,Good,2024-08-14
461,8033,56,Female,931,354.55466533346026,5,Average,2024-08-25
462,3944,36,Male,933,163.44861628807917,5,Excellent,2024-05-01
463,8045,49,Male,934,252.9905003603479,2,Poor,2024-06-08
464,1905,59,Male,937,383.3527011873403,1,Average,2024-08-05
465,3953,68,Male,938,221.06787308782359,5,Satisfactory,2024-05-05
466,6004,49,Female,939,347.2443874472747,1,Poor,2024-06-06
467,6006,66,Other,943,316.23685675751005,2,Excellent,2024-07-13
468,3962,60,Female,944,180.46321394478386,4,Excellent,2024-04-22
469,8058,67,Female,945,326.4573628698175,4,Poor,2024-03-24
470,8061,68,Other,947,285.99535219233593,5,Poor,2024-05-09
471,6019,40,Other,948,82.92847412031284,1,Excellent,2024-08-22
472,6024,18,Other,950,448.98678908514245,3,Excellent,2024-06-12
473,1928,24,Other,951,437.29621119390623,3,Average,2024-06-07
474,8078,63,Female,952,421.3638287388134,4,Satisfactory,2024-06-15
475,1944,50,Male,953,120.5250173537165,3,Poor,2024-03-05
476,3994,45,Other,954,492.87637741334675,3,Poor,2024-06-24
477,4002,18,Female,957,363.3362519819435,1,Poor,2024-03-06
478,6052,44,Other,958,302.29128965627496,4,Satisfactory,2024-05-22
479,6056,68,Female,959,132.3139002933372,4,Average,2024-04-27
480,6059,38,Female,963,472.13829636120585,3,Average,2024-08-16
481,8108,44,Male,964,374.75195432141703,1,Good,2024-07-23
482,8111,19,Female,965,144.33538853716115,4,Excellent,2024-05-11
483,8125,55,Female,971,101.00873517161287,5,Good,2024-07-11
484,4036,31,Other,972,211.3110244848126,3,Poor,2024-03-09
485,6085,58,Other,973,172.01665849376417,1,Satisfactory,2024-05-09
486,6094,36,Male,975,458.6684756534314,4,Average,2024-05-09
487,4047,36,Male,978,274.0758406660251,4,Satisfactory,2024-04-25
488,6095,56,Male,981,486.5039355478909,1,Good,2024-07-02
489,4049,67,Female,984,491.5263901445668,5,Good,2024-07-12
490,8145,68,Male,986,193.93323838124093,3,Excellent,2024-07-07
491,2018,56,Female,987,65.71104158197213,4,Poor,2024-07-18
492,6120,41,Other,989,51.55093208546797,3,Average,2024-06-21
493,6121,22,Other,990,223.74710391909295,5,Good,2024-08-24
494,2031,23,Male,991,192.70863084065243,5,Poor,2024-03-08
495,2033,41,Male,992,202.9322432593961,2,Satisfactory,2024-06-27
496,4082,20,Female,993,154.84604087459877,3,Average,2024-05-15
497,8183,37,Male,994,258.58020587527915,3,Poor,2024-08-13
498,6138,54,Other,996,379.95003022699666,4,Average,2024-05-15
499,2046,35,Female,998,212.25867705571827,1,Average,2024-04-14
